"codeSystem","id","decode","code","instanceType","codeSystemVersion","uuid:ID"
"http://www.cdisc.org","Code_1","Interventional Study","C98388","Code","2023-09-29","49d71875-ecb0-4aa8-8c3b-e0ce4e8a61f7"
"http://www.cdisc.org","Code_2","Phase II Trial","C15601","Code","2023-09-29","9d8ba0da-e06e-4cff-a42a-a00a90823145"
"http://www.cdisc.org","Code_9","Sponsor Approval Date","C132352","Code","2023-09-29","6fe6f846-bfec-451f-bfd8-b88d8b758412"
"http://www.cdisc.org","Code_10","Global","C68846","Code","2023-09-29","96488f20-125a-4dca-ab69-d26e5acca00b"
"http://www.cdisc.org","Code_72","IRB/IEC Feedback","C99904x3","Code","2023-09-29","a6e90b2b-60b4-4af9-9376-fcc712acc3cd"
"http://www.cdisc.org","Code_73","Other","C17649","Code","2023-09-29","13a86329-b9c3-4918-8cea-3331fb4530ca"
"http://www.cdisc.org","Code_75","Region","C41129","Code","2023-09-29","ecd351fa-8014-40a0-b164-987efbc960ab"
"ISO 3166 1 alpha3","Code_74","Europe","150","Code","2020-08","80bf9e8b-a1ff-4038-a871-1b6a5a17b9b5"
"SPONSOR","Code_4","Eli Lilly","PHARMA","Code","12","f67ea5b8-5b10-434e-b22e-30cb4f5f29dc"
"http://www.cdisc.org","Code_76","Clinical Study Sponsor","C70793","Code","2023-09-29","77f91918-86c8-4113-bfaa-9d3fe15f3f41"
"ISO 3166 1 alpha3","Code_77","Denmark","DNK","Code","2020-08","da836409-9a76-4287-8a94-3fe68d885903"
"http://www.cdisc.org","Code_78","Study Registry","C93453","Code","2023-09-29","bd5d6f0f-5e16-40b9-9a1a-18848b6206b9"
"http://www.cdisc.org","Code_136","Treatment Study","C49656","Code","2023-09-29","05ee6060-9b85-4b61-a1cd-a646f132f93a"
"http://www.cdisc.org","Code_137","Efficacy Study","C49666","Code","2023-09-29","5a435bed-859f-44c8-a6e4-549ffb7f0ade"
"http://www.cdisc.org","Code_138","Safety Study","C49667","Code","2023-09-29","6eec4745-e854-424d-bd6f-14d4366361d6"
"http://www.cdisc.org","Code_139","Pharmacokinetic Study","C49663","Code","2023-09-29","de34da3b-8310-45db-9284-f38b8dba4e12"
"SPONSOR","Code_133","Mild to Moderate Alzheimer's Disease","MILD_MOD_ALZ","Code","12","d203bb5c-3858-4e75-bd6b-f555228f9827"
"SNOMED","Code_134","Alzheimer's disease","26929004","Code","January 31, 2018","03a40d19-b4af-44c6-85bc-9192c5400caa"
"http://www.cdisc.org","Code_142","EXTENSION","C99907x1","Code","2023-09-29","e82759cb-fcb9-4a0c-b4da-9cc1801e7f96"
"http://www.cdisc.org","Code_143","ADAPTIVE","C98704","Code","2023-09-29","1dc132c6-6ea7-4c13-8dbd-69484064167c"
"http://www.cdisc.org","Code_140","Parallel Study","C82639","Code","2023-09-29","97a5b83d-823c-4aff-838c-cb6a5fa2d37d"
"http://www.cdisc.org","Code_82","Visit","C25716","Code","2023-09-29","5a8e80fb-3a2f-4090-af08-df8375c5b278"
"http://www.cdisc.org","Code_83","Clinic","C51282","Code","2023-09-29","7c8e4643-9f1d-4ea8-a51a-dca5784b1f00"
"http://www.cdisc.org","Code_84","In Person","C175574","Code","2023-09-29","3d24b7ea-b863-4888-ae0c-cc36b0222ab1"
"http://www.cdisc.org","Code_85","Visit","C25716","Code","2023-09-29","d3d63e9f-f887-482e-acbe-26a6051a2cbe"
"http://www.cdisc.org","Code_86","Clinic","C51282","Code","2023-09-29","0bc7ca85-7187-48c2-a23b-247dcf6c7aa9"
"http://www.cdisc.org","Code_87","In Person","C175574","Code","2023-09-29","d745dfad-7ca0-41a6-ba16-16556de9d225"
"http://www.cdisc.org","Code_88","Visit","C25716","Code","2023-09-29","be74d2d5-46dd-4193-b1e4-6e0970be4256"
"http://www.cdisc.org","Code_89","Clinic","C51282","Code","2023-09-29","194e2496-c9f5-44f6-9755-627a186f80e7"
"http://www.cdisc.org","Code_90","In Person","C175574","Code","2023-09-29","2f2d955f-1422-42a2-b088-5a2b637ed8fe"
"http://www.cdisc.org","Code_91","Visit","C25716","Code","2023-09-29","183ffb8d-c267-4d10-9126-4d980aa93411"
"http://www.cdisc.org","Code_92","Clinic","C51282","Code","2023-09-29","0cc5fb41-2a09-47cb-a7e8-3a14108b0651"
"http://www.cdisc.org","Code_93","In Person","C175574","Code","2023-09-29","2330397b-2722-4bdc-88be-49125b57b3f8"
"http://www.cdisc.org","Code_94","Visit","C25716","Code","2023-09-29","e0468f3c-0585-4574-aec0-778a521047f4"
"http://www.cdisc.org","Code_95","Clinic","C51282","Code","2023-09-29","1ac32626-6738-4a8e-92bc-1b091d32f197"
"http://www.cdisc.org","Code_96","In Person","C175574","Code","2023-09-29","521188e5-c754-47df-96de-30292c138ae6"
"http://www.cdisc.org","Code_97","Visit","C25716","Code","2023-09-29","45ce2d11-a8f3-4ac8-8f59-239bedaffb49"
"http://www.cdisc.org","Code_98","Clinic","C51282","Code","2023-09-29","effecbcd-79f9-4f95-aae2-d81142f420b1"
"http://www.cdisc.org","Code_99","In Person","C175574","Code","2023-09-29","3845ba79-06af-4251-adf5-0cda0c4b4c57"
"http://www.cdisc.org","Code_100","Visit","C25716","Code","2023-09-29","54349ce3-3a67-49b0-a59a-6b612cd1104f"
"http://www.cdisc.org","Code_101","Clinic","C51282","Code","2023-09-29","3bd88ec5-6b13-40e1-8cf9-92932807a3bb"
"http://www.cdisc.org","Code_102","In Person","C175574","Code","2023-09-29","824a3d7d-8b69-4759-a998-27d577653a2e"
"http://www.cdisc.org","Code_103","Telephone Call","C171537","Code","2023-09-29","7e000436-e2ed-40d1-b2ca-c661fa6952d4"
"http://www.cdisc.org","Code_104","Visit","C25716","Code","2023-09-29","21b3ab79-95f0-4b1c-9ed5-8932dd52d6e8"
"http://www.cdisc.org","Code_105","Clinic","C51282","Code","2023-09-29","a07e110f-2509-4706-b5c6-395b44e87640"
"http://www.cdisc.org","Code_106","In Person","C175574","Code","2023-09-29","a65b9526-9190-4f6a-8d08-56465afae3f8"
"http://www.cdisc.org","Code_107","Telephone Call","C171537","Code","2023-09-29","949a093b-0748-4c30-9b13-bfc1d45c61bc"
"http://www.cdisc.org","Code_108","Visit","C25716","Code","2023-09-29","722f8219-ed1d-4cae-a956-abce1a79ef51"
"http://www.cdisc.org","Code_109","Clinic","C51282","Code","2023-09-29","e79826e1-4ab3-4b24-bbde-95530fd2c65a"
"http://www.cdisc.org","Code_110","In Person","C175574","Code","2023-09-29","063ce153-2ccd-45b9-b185-5d115195d5d4"
"http://www.cdisc.org","Code_111","Telephone Call","C171537","Code","2023-09-29","ca8d1017-cb74-4709-9586-4f688bd5a58e"
"http://www.cdisc.org","Code_112","Visit","C25716","Code","2023-09-29","02e5c0ed-8b25-4b5c-b8fb-5bad83d6682f"
"http://www.cdisc.org","Code_113","Clinic","C51282","Code","2023-09-29","dd1a1649-2c9c-4bc2-bfdb-8f7ccd0e0170"
"http://www.cdisc.org","Code_114","In Person","C175574","Code","2023-09-29","b63fabac-21b5-4e3e-873c-049d36a76f91"
"http://www.cdisc.org","Code_115","Telephone Call","C171537","Code","2023-09-29","a40b1af5-3cee-4fa8-a10a-c5e6c90329c9"
"http://www.cdisc.org","Code_116","Visit","C25716","Code","2023-09-29","247315cd-ca83-4823-b64a-2647e932968e"
"http://www.cdisc.org","Code_117","Clinic","C51282","Code","2023-09-29","ffdaa135-7197-44e6-9489-4f1aab09a9b4"
"http://www.cdisc.org","Code_118","In Person","C175574","Code","2023-09-29","ee2a1ae1-7fd7-4f0b-ab6b-fdc9fb231553"
"http://www.cdisc.org","Code_119","Visit","C25716","Code","2023-09-29","502665be-c0d9-4a04-b92b-5465eef161db"
"http://www.cdisc.org","Code_120","Clinic","C51282","Code","2023-09-29","dd48a493-956f-44ea-ae17-da29150836b2"
"http://www.cdisc.org","Code_121","In Person","C175574","Code","2023-09-29","6365a654-6fda-457a-bba7-78ce0b44c976"
"SNOMED","Code_79","CT of head without contrast","383371000119108","Code","January 31, 2018","01192c34-84e3-4f63-a7b8-f6790cc876cb"
"SPONSOR","Code_80","Subject Supine","123","Code","12","9efb2dbe-94e2-4812-af1d-978078433288"
"SPONSOR","Code_81","Subject Standing","124","Code","12","db15ffbe-778c-47f9-9290-60adddaf0948"
"NCI Thesaurus","Code_278","Vital Signs Result","C173522","Code","","af355c52-b589-46d4-9f66-1a71ee833cd6"
"http://www.cdisc.org","Code_279","Kelvin","C42537","Code","2023-09-29","2441c746-eb5a-408e-8f71-e638ed7c2f0f"
"NCI Thesaurus","Code_280","Unit of Temperature","C44276","Code","","2229abc7-7bd9-48a4-bc58-ccf0642d18c8"
"NCI Thesaurus","Code_281","Vital Signs Location","C83088","Code","","d12d2ec7-d66b-42d8-8705-1eeae06fd9fa"
"NCI Thesaurus","Code_277","Body Temperature","C174446","Code","","d6f2db4c-7b86-4a1f-a30e-959c8d5ff05f"
"NCI Thesaurus","Code_283","Vital Signs Result","C173522","Code","","7c724e8e-592b-423c-8a14-5268174351f9"
"http://www.cdisc.org","Code_284","Kilogram","C28252","Code","2023-09-29","a83758e4-5f5e-4d6e-b26f-b3d4fc392fee"
"http://www.cdisc.org","Code_285","Gram","C48155","Code","2023-09-29","f34cbe2d-c0b1-4e7f-910e-c5ac16f513ed"
"http://www.cdisc.org","Code_286","Pound","C48531","Code","2023-09-29","77af79d3-ba69-443d-b886-951073beec9b"
"NCI Thesaurus","Code_287","Unit of Weight","C48208","Code","","b84b4ba5-e6b3-4acf-accb-45085efa9ba0"
"NCI Thesaurus","Code_282","Body Weight","C81328","Code","","3c989f5b-bee4-4fe0-99d5-21f427ac95b3"
"NCI Thesaurus","Code_289","Vital Signs Result","C173522","Code","","b5b969cd-df4f-42dd-821d-bcc510bd80a4"
"http://www.cdisc.org","Code_290","Centimeter","C49668","Code","2023-09-29","591642bf-c70b-4a86-bb56-2035c62d97d4"
"http://www.cdisc.org","Code_291","Inch","C48500","Code","2023-09-29","17c55bcb-ec8c-4dd1-9cd3-1220457286a9"
"http://www.cdisc.org","Code_292","Millimeter","C28251","Code","2023-09-29","a1df0a70-34c9-406b-a50e-5cb00a0ede0f"
"http://www.cdisc.org","Code_293","Meter","C41139","Code","2023-09-29","2d47dde8-222c-44d3-a426-243a58b864b2"
"NCI Thesaurus","Code_294","Unit of Height","C168688","Code","","13ac4380-22e9-426e-ad3a-aef1738ab48e"
"NCI Thesaurus","Code_288","Body Height","C164634","Code","","70b7c971-2e4e-4e16-bacf-477eee5b3f61"
"NCI Thesaurus","Code_296","Laboratory Test Result","C36292","Code","","89a9c065-3762-421f-9b9c-c8de7a19e055"
"NCI Thesaurus","Code_297","Laboratory Test Fasting Status","C83309","Code","","a5f23718-3fe1-41ec-835f-e9d4caa8ba78"
"NCI Thesaurus","Code_298","Unit of Catalytic Activity Concentration","C67365","Code","","ec8039f3-844e-4452-ac58-371313a17016"
"NCI Thesaurus","Code_299","Biospecimen Type","C70713","Code","","83e67bfd-0b80-4ed0-ba00-bf4460e98943"
"NCI Thesaurus","Code_295","Alanine Aminotransferase Measurement","C64433","Code","","c5e85c5b-244d-49e2-adc9-439449161189"
"NCI Thesaurus","Code_301","Laboratory Test Result","C36292","Code","","ba83b0cf-487b-49d0-83ab-7bb7f9c26178"
"NCI Thesaurus","Code_302","Laboratory Test Fasting Status","C83309","Code","","f9e6a41b-e497-4880-a44f-ac14231e1d1e"
"NCI Thesaurus","Code_303","Unit of Concentration","C48207","Code","","93636e90-620e-4b6f-a64a-437341ae8a54"
"NCI Thesaurus","Code_304","Biospecimen Type","C70713","Code","","8a5aac35-5018-4a35-9fcb-9692a1b2cb03"
"NCI Thesaurus","Code_300","Albumin Measurement","C64431","Code","","20e1d36c-bc8f-4158-9cae-4f373d045b89"
"NCI Thesaurus","Code_306","Laboratory Test Result","C36292","Code","","6759bd6f-4533-49c3-985a-8d1dc13e3421"
"NCI Thesaurus","Code_307","Laboratory Test Fasting Status","C83309","Code","","f3a5ee60-32b5-4db0-9f26-16c840634365"
"NCI Thesaurus","Code_308","Unit of Catalytic Activity Concentration","C67365","Code","","0a12e455-4cd3-4cb8-9972-65571dcd6de5"
"NCI Thesaurus","Code_309","Biospecimen Type","C70713","Code","","a57af281-893b-4d37-95f7-b80d29feef5d"
"NCI Thesaurus","Code_305","Alkaline Phosphatase Measurement","C64432","Code","","e9eed307-70bc-476b-9dd1-fcf8def989c8"
"NCI Thesaurus","Code_311","Laboratory Test Result","C36292","Code","","9eefb335-fa7f-48f8-9765-45fee2593671"
"NCI Thesaurus","Code_312","Laboratory Test Fasting Status","C83309","Code","","eda2690b-71f1-45ea-a9e8-bb2179b07035"
"NCI Thesaurus","Code_313","Unit of Catalytic Activity Concentration","C67365","Code","","43dd55bd-daa4-4140-8544-4befa6222e7f"
"NCI Thesaurus","Code_314","Biospecimen Type","C70713","Code","","c427186b-328b-43ae-9749-25819281bf8e"
"NCI Thesaurus","Code_310","Aspartate Aminotransferase Measurement","C64467","Code","","3f387943-adb2-4ddf-93bf-6923c4ab3086"
"NCI Thesaurus","Code_316","Laboratory Test Result","C36292","Code","","598a0ab7-a3bc-4a04-aab3-142d39a7fbf8"
"NCI Thesaurus","Code_317","Laboratory Test Fasting Status","C83309","Code","","f4775efd-dcad-4c01-b2bc-c0032f372589"
"NCI Thesaurus","Code_318","Unit of Concentration","C48207","Code","","34e37df4-e16c-437f-a5ab-2dacef8efbd3"
"NCI Thesaurus","Code_319","Biospecimen Type","C70713","Code","","d8687f95-79d4-445e-b53a-4442770e3b28"
"NCI Thesaurus","Code_315","Creatinine Measurement","C64547","Code","","4bdb714a-36dd-4361-81e9-7654943ff93e"
"NCI Thesaurus","Code_321","Laboratory Test Result","C36292","Code","","9fc08bb0-d38c-4622-9df3-faee0a71ff35"
"NCI Thesaurus","Code_322","Laboratory Test Fasting Status","C83309","Code","","7d44e450-7a4e-4c03-9872-174f3c637a54"
"NCI Thesaurus","Code_323","Molarity Unit","C64567","Code","","db671dc6-8b86-4f6e-8a01-a37c7c477f27"
"NCI Thesaurus","Code_324","Biospecimen Type","C70713","Code","","3a96f0f1-69ec-4842-85a7-85aad251bf20"
"NCI Thesaurus","Code_320","Potassium Measurement","C64853","Code","","3ebd211b-ed01-4a49-b015-916f09a34388"
"NCI Thesaurus","Code_326","Laboratory Test Result","C36292","Code","","901d7893-6d80-494f-9136-e05f1ea045df"
"NCI Thesaurus","Code_327","Laboratory Test Fasting Status","C83309","Code","","8bb869b6-9bcf-4d96-b20d-923d2c685e5d"
"NCI Thesaurus","Code_328","Molarity Unit","C64567","Code","","d3786401-8bad-4c9f-a0a2-64972e09255c"
"NCI Thesaurus","Code_329","Biospecimen Type","C70713","Code","","73308858-d26e-4941-a0f0-07fb8c95a770"
"NCI Thesaurus","Code_325","Sodium Measurement","C64809","Code","","7dbd319e-0d9f-4e04-b258-5f97c36a6dc6"
"NCI Thesaurus","Code_145","Adverse Event Verbatim Description","C78541","Code","","421c3e94-9f7e-4a70-8308-d50c8ad66185"
"NCI Thesaurus","Code_146","Adverse Event Dictionary Derived Term","C83344","Code","","20ce2d35-27a7-4dce-b3a9-407fb10088fc"
"NCI Thesaurus","Code_147","Adverse Event Category","C83198","Code","","9efa6bdf-a8e8-40d0-a65c-7655bfe40647"
"NCI Thesaurus","Code_148","Adverse Event Subcategory","C83212","Code","","f73ac7c8-5757-42a7-95bb-62fa68820cac"
"NCI Thesaurus","Code_149","Adverse Event Pre-specified","C87840","Code","","19dabdb8-a339-429e-abe8-96153c166867"
"NCI Thesaurus","Code_150","Severity of Adverse Event","C53253","Code","","193792e5-b3d1-44ab-897b-f40312d230f5"
"NCI Thesaurus","Code_151","Adverse Event Toxicity Grade","C78605","Code","","b5da94f3-7995-4fb2-8d15-7a8c0720dfc6"
"NCI Thesaurus","Code_152","Seriousness of Adverse Event","C53252","Code","","e89504aa-94bb-4265-b993-fffec428a937"
"NCI Thesaurus","Code_153","Adverse Event Action Taken with Study Treatment","C83013","Code","","207be322-1188-4871-8972-3e219dff8e28"
"NCI Thesaurus","Code_154","Adverse Event Attribution to Product or Procedure","C41358","Code","","eeff57b9-abc9-464a-b6a2-459d314e5a6b"
"http://www.cdisc.org","Code_155","Intermittent","C71325","Code","2023-09-29","d43ca94b-412a-4c68-9b2d-f660155907ce"
"NCI Thesaurus","Code_156","Adverse Event Pattern","C83208","Code","","c2ca79ce-1ef2-41ac-a858-a6070052bb81"
"NCI Thesaurus","Code_157","Adverse Event Outcome","C49489","Code","","67c4caf3-cc19-48dc-b34f-6034e25106bf"
"NCI Thesaurus","Code_158","Adverse Event Start Date Time","C83215","Code","","257375ce-0d2c-4423-acca-3620934da595"
"NCI Thesaurus","Code_159","Adverse Event End Date Time","C83201","Code","","104825d1-18e8-4649-a578-1dd983f4c3d2"
"NCI Thesaurus","Code_144","Adverse Event","C41331","Code","","09a25143-255a-4c27-a267-731531251d92"
"NCI Thesaurus","Code_161","Vital Signs Result","C173522","Code","","7a757f26-9b13-4b80-b66e-c671b8a13fca"
"http://www.cdisc.org","Code_162","Pascal","C42547","Code","2023-09-29","eef830bf-8da7-4e3b-8cb3-9701c3c59ffd"
"NCI Thesaurus","Code_163","Unit of Pressure","C49669","Code","","b41b0a4a-5680-48ac-a75c-2e4d95db8198"
"NCI Thesaurus","Code_164","Vital Signs Location","C83088","Code","","e560dba2-b6c2-4d93-8f13-66178cc93288"
"NCI Thesaurus","Code_165","Vital Signs Laterality","C123975","Code","","bd85cfaf-9b84-4172-8731-ac055cef61d2"
"NCI Thesaurus","Code_166","Test Method","C82535","Code","","92294c5c-e3f1-4338-96cf-2bcdd3223e18"
"NCI Thesaurus","Code_167","Vital Signs Position","C83114","Code","","f150b6a9-ebe4-4abb-b0dc-473c64966746"
"NCI Thesaurus","Code_160","Systolic Blood Pressure","C25298","Code","","afd300d3-2405-4388-be7e-f31a0035c47d"
"NCI Thesaurus","Code_169","Vital Signs Result","C173522","Code","","ba17ab2c-0e89-4b49-b313-260bffa3cdb2"
"http://www.cdisc.org","Code_170","Pascal","C42547","Code","2023-09-29","263002ec-3dea-44b5-952b-cff11cd07f56"
"NCI Thesaurus","Code_171","Unit of Pressure","C49669","Code","","abcacf50-7cdd-4ed9-9247-6dcf4f6b9dd5"
"NCI Thesaurus","Code_172","Vital Signs Location","C83088","Code","","5b68b3dc-4008-4c7c-b4ec-1e4d8dede708"
"NCI Thesaurus","Code_173","Vital Signs Laterality","C123975","Code","","35a7b1e6-c8c4-4e12-9f9d-e9e5d564701e"
"NCI Thesaurus","Code_174","Test Method","C82535","Code","","c5171e46-81d9-41dc-a52e-bb776f186f9c"
"NCI Thesaurus","Code_175","Vital Signs Position","C83114","Code","","b8c46d2a-bd84-4437-8e7b-fc3afcf3430a"
"NCI Thesaurus","Code_168","Diastolic Blood Pressure","C25299","Code","","c79560bc-63c5-463e-83e7-59e0eaeb5c7f"
"NCI Thesaurus","Code_177","Vital Signs Result","C173522","Code","","df61ec70-c6fc-4f86-a284-29b9097aa0bd"
"http://www.cdisc.org","Code_178","Kelvin","C42537","Code","2023-09-29","ca343237-7ebc-4b23-bb50-2efb3b8dbcaa"
"NCI Thesaurus","Code_179","Unit of Temperature","C44276","Code","","a8d44174-b0d6-44c2-92f7-7d4f24692955"
"NCI Thesaurus","Code_180","Vital Signs Location","C83088","Code","","c2848ba2-3cfe-4c86-bbb2-0db236e760e8"
"NCI Thesaurus","Code_176","Body Temperature","C174446","Code","","b65b98e4-526d-47ac-844c-026472426fe6"
"NCI Thesaurus","Code_182","Vital Signs Result","C173522","Code","","f5842c42-2b52-407e-a12c-bf1793bddf28"
"http://www.cdisc.org","Code_183","Kilogram","C28252","Code","2023-09-29","ee14e861-ade8-4e5b-9a0a-4c9e76b92955"
"http://www.cdisc.org","Code_184","Gram","C48155","Code","2023-09-29","42ae906a-9c5c-419f-a38a-34ed6fd4f8f1"
"http://www.cdisc.org","Code_185","Pound","C48531","Code","2023-09-29","9a936aa2-1300-4ab3-a640-a72dedb2ebe9"
"NCI Thesaurus","Code_186","Unit of Weight","C48208","Code","","bce39f90-171b-401d-b99e-692b3c4da1d8"
"NCI Thesaurus","Code_181","Body Weight","C81328","Code","","262d5de0-9fda-41a3-b1a1-af464dd97f8c"
"NCI Thesaurus","Code_188","Vital Signs Result","C173522","Code","","c8d29d97-d93f-4e23-a703-c5d678258d13"
"http://www.cdisc.org","Code_189","Centimeter","C49668","Code","2023-09-29","838b8a7a-dc17-4223-a004-4cbd5ed5a993"
"http://www.cdisc.org","Code_190","Inch","C48500","Code","2023-09-29","d7946a73-957b-4d2d-a132-8996e5761623"
"http://www.cdisc.org","Code_191","Millimeter","C28251","Code","2023-09-29","a0529d1a-eda5-40e4-8dbe-f33be7c63a41"
"http://www.cdisc.org","Code_192","Meter","C41139","Code","2023-09-29","4819db09-c9ac-4e9d-98a2-4b247e60a979"
"NCI Thesaurus","Code_193","Unit of Height","C168688","Code","","ba61cd1c-7fc6-433d-b7ef-d54fd6aa1ae8"
"NCI Thesaurus","Code_187","Body Height","C164634","Code","","66559d1e-79a2-4b5a-9d29-36b722382307"
"NCI Thesaurus","Code_195","Laboratory Test Result","C36292","Code","","847053de-2cb9-437b-96ca-55392b2e48e3"
"NCI Thesaurus","Code_196","Laboratory Test Fasting Status","C83309","Code","","963dd736-a142-45c0-82d4-a5e77c1eabad"
"NCI Thesaurus","Code_197","Unit of Catalytic Activity Concentration","C67365","Code","","3294b667-dc16-4a59-9745-11c81da39ea8"
"NCI Thesaurus","Code_198","Biospecimen Type","C70713","Code","","662fd515-b631-4ab3-bb54-1139c8bb5b52"
"NCI Thesaurus","Code_194","Alanine Aminotransferase Measurement","C64433","Code","","6c446fca-3109-4180-a5ae-2962b2e69b02"
"NCI Thesaurus","Code_200","Laboratory Test Result","C36292","Code","","447284b7-b4b1-47ca-ba89-9d3f20993f83"
"NCI Thesaurus","Code_201","Laboratory Test Fasting Status","C83309","Code","","797b3322-d476-46d4-a0be-fdbce524df74"
"NCI Thesaurus","Code_202","Unit of Concentration","C48207","Code","","516f62d3-7aca-46b1-aa35-d77d3cff1273"
"NCI Thesaurus","Code_203","Biospecimen Type","C70713","Code","","1f96a877-bb77-4d32-b161-9741d4a6c70f"
"NCI Thesaurus","Code_199","Albumin Measurement","C64431","Code","","d6431eb9-5885-489c-b079-45a06e4873c4"
"NCI Thesaurus","Code_205","Laboratory Test Result","C36292","Code","","0480d5cd-f3b4-48d2-94e7-bd2dba6117d5"
"NCI Thesaurus","Code_206","Laboratory Test Fasting Status","C83309","Code","","b101d200-ca03-4523-a938-29204fa316ed"
"NCI Thesaurus","Code_207","Unit of Catalytic Activity Concentration","C67365","Code","","e025f32a-c135-4ea2-8c86-dd9d4a6c4d4c"
"NCI Thesaurus","Code_208","Biospecimen Type","C70713","Code","","d1c833f0-3e2b-4dda-8d39-eef5898b47ca"
"NCI Thesaurus","Code_204","Alkaline Phosphatase Measurement","C64432","Code","","a74eb3ed-b66a-4e32-aa19-89cb67facc78"
"NCI Thesaurus","Code_210","Laboratory Test Result","C36292","Code","","7cc9a748-cced-487c-ba01-5043ceca26b0"
"NCI Thesaurus","Code_211","Laboratory Test Fasting Status","C83309","Code","","a04fd30b-e884-4e9a-9168-8dad60e13349"
"NCI Thesaurus","Code_212","Unit of Catalytic Activity Concentration","C67365","Code","","a07b6b98-5ce0-4358-a539-4698a8962ef0"
"NCI Thesaurus","Code_213","Biospecimen Type","C70713","Code","","bb984bff-0e91-4096-8df0-203e0b2fc9ae"
"NCI Thesaurus","Code_209","Aspartate Aminotransferase Measurement","C64467","Code","","3aad5da1-5d7c-49fa-9e93-8f7145c12e28"
"NCI Thesaurus","Code_215","Laboratory Test Result","C36292","Code","","4b68e4bf-6684-41e5-b11f-ad8c9f6a2375"
"NCI Thesaurus","Code_216","Laboratory Test Fasting Status","C83309","Code","","4f0e4a24-bd36-47ae-a2bf-69fb05fc7eb3"
"NCI Thesaurus","Code_217","Unit of Concentration","C48207","Code","","6ed050d6-c163-472e-8765-d59e527c0af2"
"NCI Thesaurus","Code_218","Biospecimen Type","C70713","Code","","23fdd486-acd2-4c22-97d1-d8d189d69e9d"
"NCI Thesaurus","Code_214","Creatinine Measurement","C64547","Code","","b780b17f-ab25-4de6-bf44-2b82d727fa2d"
"NCI Thesaurus","Code_220","Laboratory Test Result","C36292","Code","","e81d0a61-5f44-4b03-b6f4-de524a9f8495"
"NCI Thesaurus","Code_221","Laboratory Test Fasting Status","C83309","Code","","386387a7-fb3c-49e9-ab60-ecf2bdae84c9"
"NCI Thesaurus","Code_222","Molarity Unit","C64567","Code","","7a39d501-e04b-48c1-9335-787d43c13f71"
"NCI Thesaurus","Code_223","Biospecimen Type","C70713","Code","","0cec59cc-d771-47ba-8ce9-b4b4dde5a284"
"NCI Thesaurus","Code_219","Potassium Measurement","C64853","Code","","2586eb52-9b2a-4928-90fd-3c211f81c3ed"
"NCI Thesaurus","Code_225","Laboratory Test Result","C36292","Code","","0d4678ce-4431-442d-8c8d-808d692b8cd5"
"NCI Thesaurus","Code_226","Laboratory Test Fasting Status","C83309","Code","","9b1dab21-0024-4f70-a929-c235605c9753"
"NCI Thesaurus","Code_227","Molarity Unit","C64567","Code","","967852a1-8f4c-4532-b4ef-040fcc66dd22"
"NCI Thesaurus","Code_228","Biospecimen Type","C70713","Code","","3891faf5-a886-4b5c-948c-8eef2ea21a49"
"NCI Thesaurus","Code_224","Sodium Measurement","C64809","Code","","be30fe13-60d0-467b-a252-bffbaa185ee7"
"NCI Thesaurus","Code_230","Vital Signs Result","C173522","Code","","225161e8-fca6-4faa-afae-5aac1b09c35f"
"http://www.cdisc.org","Code_231","Pascal","C42547","Code","2023-09-29","d2db456c-ba7a-4ff1-9abf-0bf3b50fd243"
"NCI Thesaurus","Code_232","Unit of Pressure","C49669","Code","","fae3df7b-2cb3-49a3-91db-f23a6026262d"
"NCI Thesaurus","Code_233","Vital Signs Location","C83088","Code","","72d5e046-2322-4168-ab0f-8dafc3528a13"
"NCI Thesaurus","Code_234","Vital Signs Laterality","C123975","Code","","94e71499-1925-47ef-9654-bf4fc904b281"
"NCI Thesaurus","Code_235","Test Method","C82535","Code","","1d739240-a127-4cd2-b963-8514b9f81c29"
"NCI Thesaurus","Code_236","Vital Signs Position","C83114","Code","","37f758f2-8025-4571-9455-61bb7415c75a"
"NCI Thesaurus","Code_229","Systolic Blood Pressure","C25298","Code","","d848a27f-3e8f-4125-847b-9c57734a1f2f"
"NCI Thesaurus","Code_238","Vital Signs Result","C173522","Code","","90b93a51-2ef0-47db-9e5a-f3a4c48a015f"
"http://www.cdisc.org","Code_239","Pascal","C42547","Code","2023-09-29","7d6bee0b-b29a-4e40-a9ff-c46a149d3de0"
"NCI Thesaurus","Code_240","Unit of Pressure","C49669","Code","","4bf030f4-662b-4895-8ee4-dd879961a0a3"
"NCI Thesaurus","Code_241","Vital Signs Location","C83088","Code","","95799c09-84a6-4250-b6eb-c1ee0ff2237f"
"NCI Thesaurus","Code_242","Vital Signs Laterality","C123975","Code","","d4d1ab19-36b9-426c-b9df-01bb9a25de51"
"NCI Thesaurus","Code_243","Test Method","C82535","Code","","4d126136-92fb-4918-a54d-7a837d205fc3"
"NCI Thesaurus","Code_244","Vital Signs Position","C83114","Code","","4c506069-ae06-48c7-bae7-b249f61052f3"
"NCI Thesaurus","Code_237","Diastolic Blood Pressure","C25299","Code","","bf1c4e77-b125-45a8-9108-5e400ae1e64d"
"NCI Thesaurus","Code_246","Vital Signs Result","C173522","Code","","27cdff0a-ea4e-4e2d-8300-28f3aec88409"
"http://www.cdisc.org","Code_247","Beats per Minute","C49673","Code","2023-09-29","d15e77fa-cc95-4f75-a942-efa2546da4fa"
"NCI Thesaurus","Code_248","Count per Minute","C73688","Code","","eb3fce90-35f2-49d5-a52f-9f553b873a04"
"NCI Thesaurus","Code_249","Vital Signs Location","C83088","Code","","74d981dd-9551-45a4-973c-dad82f52dff7"
"NCI Thesaurus","Code_250","Vital Signs Laterality","C123975","Code","","aaafb862-d5eb-463c-889c-73a4da6d68d6"
"NCI Thesaurus","Code_251","Test Method","C82535","Code","","60059955-5f08-4702-9a87-37896183e330"
"NCI Thesaurus","Code_252","Vital Signs Position","C83114","Code","","a2317e87-0e11-4d1e-8783-8568c2e6515b"
"NCI Thesaurus","Code_245","Heart Rate","C49677","Code","","4895ff6d-6c05-4bdb-9aa3-304809020b5c"
"NCI Thesaurus","Code_254","Vital Signs Result","C173522","Code","","c3fc2eef-324d-471e-b9ce-445075505fee"
"http://www.cdisc.org","Code_255","Pascal","C42547","Code","2023-09-29","1b33b4d0-1984-4a72-8230-4f86e9667bbd"
"NCI Thesaurus","Code_256","Unit of Pressure","C49669","Code","","7ac2b133-9958-46be-bb7f-541641458200"
"NCI Thesaurus","Code_257","Vital Signs Location","C83088","Code","","eca70754-5422-4a93-9a22-10c4c688c294"
"NCI Thesaurus","Code_258","Vital Signs Laterality","C123975","Code","","dc8630cd-8ee4-492d-825c-5c552b1ae8c0"
"NCI Thesaurus","Code_259","Test Method","C82535","Code","","eea84894-626e-473c-9c9f-54f46d3ca573"
"NCI Thesaurus","Code_260","Vital Signs Position","C83114","Code","","0186d6fc-6eeb-488c-9104-5bf137bf0082"
"NCI Thesaurus","Code_253","Systolic Blood Pressure","C25298","Code","","aa9b604a-019c-48b9-a221-d5c10a42c15d"
"NCI Thesaurus","Code_262","Vital Signs Result","C173522","Code","","f063c686-cff1-4647-8e0c-981b50443d9b"
"http://www.cdisc.org","Code_263","Pascal","C42547","Code","2023-09-29","d21e8bce-fa22-4ab4-9516-b4c02486a905"
"NCI Thesaurus","Code_264","Unit of Pressure","C49669","Code","","66627d60-4554-4b55-af3f-a9bbff55d158"
"NCI Thesaurus","Code_265","Vital Signs Location","C83088","Code","","58b018ad-2ec9-4c67-8b50-e11f0cb378b0"
"NCI Thesaurus","Code_266","Vital Signs Laterality","C123975","Code","","a200b066-1ba6-4476-9018-3d12119049a7"
"NCI Thesaurus","Code_267","Test Method","C82535","Code","","fb07765c-0480-4d19-9edd-052ebfdd6c0c"
"NCI Thesaurus","Code_268","Vital Signs Position","C83114","Code","","e0c633a1-d921-4154-b5cd-60fc984eeae7"
"NCI Thesaurus","Code_261","Diastolic Blood Pressure","C25299","Code","","fa24d00e-1276-4b52-868e-851b93c568c6"
"NCI Thesaurus","Code_270","Vital Signs Result","C173522","Code","","0d740d10-c6e8-4bce-ae89-8a0346451fb7"
"http://www.cdisc.org","Code_271","Beats per Minute","C49673","Code","2023-09-29","489f7fdc-5fc2-4896-a042-fab997eaa277"
"NCI Thesaurus","Code_272","Count per Minute","C73688","Code","","fbe378fa-c04c-4b1d-8c23-b2fbe107e18a"
"NCI Thesaurus","Code_273","Vital Signs Location","C83088","Code","","8f6e4aa6-b7e5-473d-8339-bbf75aad5161"
"NCI Thesaurus","Code_274","Vital Signs Laterality","C123975","Code","","4c634e2d-4502-4c17-a5cc-760cb5cdbfc5"
"NCI Thesaurus","Code_275","Test Method","C82535","Code","","94f414c9-e7d5-4f14-8f58-d392bc081bd8"
"NCI Thesaurus","Code_276","Vital Signs Position","C83114","Code","","c5652ce9-2502-4143-8e65-ea3b60aee2ad"
"NCI Thesaurus","Code_269","Heart Rate","C49677","Code","","1b4725eb-ac21-4225-8933-bbe78b167f39"
"http://www.cdisc.org","Code_122","Placebo Comparator Arm","C174268","Code","2023-09-29","585b8098-d778-42fb-a267-f06137676c1f"
"http://www.cdisc.org","Code_123","Data Generated Within Study","C188866","Code","2023-09-29","37be5fce-5767-4234-91d6-b96166a872d5"
"http://www.cdisc.org","Code_124","Active Comparator Arm","C174267","Code","2023-09-29","523af972-cee0-4f90-b914-5a8121fff049"
"http://www.cdisc.org","Code_125","Data Generated Within Study","C188866","Code","2023-09-29","5f29ff5f-2257-42d0-a25c-2bc8d744180e"
"http://www.cdisc.org","Code_126","Active Comparator Arm","C174267","Code","2023-09-29","99985036-444b-43cf-b314-a5351064ccf2"
"http://www.cdisc.org","Code_127","Data Generated Within Study","C188866","Code","2023-09-29","15d0c00d-1b0f-491b-9cb2-dea15cb35ef0"
"http://www.cdisc.org","Code_135","Double Blind Study","C15228","Code","2023-09-29","2df590ea-b7c5-4dd6-b10d-12f64da4a363"
"http://www.cdisc.org","Code_128","Trial Screening","C48262","Code","2023-09-29","84841df8-05d3-4643-b48a-6598a336abf5"
"http://www.cdisc.org","Code_129","Treatment Epoch","C101526","Code","2023-09-29","097cdd46-7870-4366-8143-8fdbb8b11bb2"
"http://www.cdisc.org","Code_130","Treatment Epoch","C101526","Code","2023-09-29","e2ba0647-aa25-42ac-a0d0-a6ebc26a3a03"
"http://www.cdisc.org","Code_131","Treatment Epoch","C101526","Code","2023-09-29","7c34b033-8d70-406b-9a73-0ed4763b3632"
"http://www.cdisc.org","Code_132","Clinical Study Follow-up","C99158","Code","2023-09-29","e2d45c2b-b915-477d-a22a-db0c011a2b6d"
"ICD-10-CM","Code_330","Alzheimer's disease; unspecified","G30.9","Code","1","7a2a84cd-3bfd-44b9-a75d-defa8d2bc263"
"SNOMED","Code_331","Alzheimer's disease","26929004","Code","January 31, 2018","226beafe-38e4-4735-8e75-da03c39482ae"
"http://www.cdisc.org","Code_141","Sponsor","C70793","Code","2023-09-29","86fcd90f-1f27-4646-9702-5c497b525d44"
"http://www.cdisc.org","Code_335","Trial Primary Objective","C85826","Code","2023-09-29","11ca72fb-4a7d-486a-ac06-ee3aa1633d3d"
"http://www.cdisc.org","Code_334","Primary Endpoint","C94496","Code","2023-09-29","44da0143-e1df-4e4c-a496-dee0ecbc06c6"
"http://www.cdisc.org","Code_336","Primary Endpoint","C94496","Code","2023-09-29","dc8f0016-fc45-43ed-bffe-4c3974dd3e5f"
"http://www.cdisc.org","Code_338","Trial Primary Objective","C85826","Code","2023-09-29","f7e13aa5-018f-43b3-82eb-27f17068f17b"
"http://www.cdisc.org","Code_337","Primary Endpoint","C94496","Code","2023-09-29","acf7e687-6186-48e6-bc58-30434e0407a9"
"http://www.cdisc.org","Code_339","Primary Endpoint","C94496","Code","2023-09-29","02465533-d3ff-42f3-8879-8175ed033f44"
"http://www.cdisc.org","Code_340","Primary Endpoint","C94496","Code","2023-09-29","8354715b-2aa0-430a-8dd5-7543cf717166"
"http://www.cdisc.org","Code_342","Trial Secondary Objective","C85827","Code","2023-09-29","eaef5ed4-6076-480f-952b-4b99bbf7b349"
"http://www.cdisc.org","Code_341","Secondary Endpoint","C139173","Code","2023-09-29","7423a505-9771-4dce-8c4e-bf480e50c8a4"
"http://www.cdisc.org","Code_343","Secondary Endpoint","C139173","Code","2023-09-29","8f2412e3-d4cc-4635-ad05-fa937128d0b9"
"http://www.cdisc.org","Code_344","Secondary Endpoint","C139173","Code","2023-09-29","f35dd40d-5610-450e-8520-d0dcd1d8391b"
"http://www.cdisc.org","Code_345","Inclusion Criteria","C25532","Code","2023-09-29","39b8e2c8-8346-4d9c-9c03-6f1bd3cc159f"
"http://www.cdisc.org","Code_346","Inclusion Criteria","C25532","Code","2023-09-29","bd8b172b-e485-44c0-bfc4-8a58fb5e2511"
"http://www.cdisc.org","Code_347","Inclusion Criteria","C25532","Code","2023-09-29","b0baa7df-1b33-4570-beec-4447f6d05ec3"
"http://www.cdisc.org","Code_348","Exclusion Criteria","C25370","Code","2023-09-29","42b9c008-f47a-4d31-8ec1-8bacd20dc38c"
"http://www.cdisc.org","Code_332","Year","C29848","Code","2023-09-29","20f3a1da-91f3-42e2-8123-d5e719cc3d07"
"http://www.cdisc.org","Code_14","Before","C201264","Code","2023-09-29","c086025b-e077-43f3-9fc5-1ee30b078bac"
"http://www.cdisc.org","Code_15","Start to Start","C201265","Code","2023-09-29","b2fbef6d-daca-4f73-8b10-6d7eab27529e"
"http://www.cdisc.org","Code_16","Before","C201264","Code","2023-09-29","46fa04c6-6d50-4b15-b659-a2ec1a9f4f80"
"http://www.cdisc.org","Code_17","Start to Start","C201265","Code","2023-09-29","c3a90b7f-7a07-4298-a2f2-71bf4ec556ad"
"http://www.cdisc.org","Code_19","Fixed Reference","C201264","Code","2023-09-29","0f99588f-2bff-431b-a967-8d449c8f92f9"
"http://www.cdisc.org","Code_20","Start to Start","C201265","Code","2023-09-29","73cf4dd8-4037-4790-85d1-44f8c61024d5"
"http://www.cdisc.org","Code_21","After","C201264","Code","2023-09-29","7c270b94-ef3f-4423-9d30-d7cbde281d3e"
"http://www.cdisc.org","Code_22","Start to Start","C201265","Code","2023-09-29","3a6884da-d559-4133-be38-d2800f43ecbd"
"http://www.cdisc.org","Code_24","After","C201264","Code","2023-09-29","c52eb41c-be19-4edb-8905-b56d358150eb"
"http://www.cdisc.org","Code_25","Start to Start","C201265","Code","2023-09-29","7d897c27-d67e-4e23-95c6-edccabe66246"
"http://www.cdisc.org","Code_27","After","C201264","Code","2023-09-29","4f647fc2-d64e-4937-899a-15efeab2cd9c"
"http://www.cdisc.org","Code_28","Start to Start","C201265","Code","2023-09-29","3eedd99a-1a7d-4b16-a32f-e9c2171208b4"
"http://www.cdisc.org","Code_30","After","C201264","Code","2023-09-29","0a5e4ae6-9fa7-46a3-a8a5-8f1f54380dac"
"http://www.cdisc.org","Code_31","Start to Start","C201265","Code","2023-09-29","86fee2f1-5c54-4eca-b014-ff8226340123"
"http://www.cdisc.org","Code_35","After","C201264","Code","2023-09-29","cc898851-6d5e-4027-86a2-507ae8dd63c9"
"http://www.cdisc.org","Code_36","Start to Start","C201265","Code","2023-09-29","34fe5bc3-f7d0-4e91-bd79-e4028a3ce3cf"
"http://www.cdisc.org","Code_40","After","C201264","Code","2023-09-29","6328b997-40e7-45b1-b8df-ee34430a6c28"
"http://www.cdisc.org","Code_41","Start to Start","C201265","Code","2023-09-29","2454de91-03b0-4d4e-9361-30fa7a611841"
"http://www.cdisc.org","Code_45","After","C201264","Code","2023-09-29","e97143eb-96cf-44cd-8198-4a707b716c0f"
"http://www.cdisc.org","Code_46","Start to Start","C201265","Code","2023-09-29","66ef0307-3ace-4d5c-9617-e0aea3287060"
"http://www.cdisc.org","Code_50","After","C201264","Code","2023-09-29","d3a0451e-b94c-40b7-a1f7-9d84b5614016"
"http://www.cdisc.org","Code_51","Start to Start","C201265","Code","2023-09-29","b92f971a-9170-4102-811a-e003e71efc58"
"http://www.cdisc.org","Code_53","After","C201264","Code","2023-09-29","13517ace-d7fc-4a6a-b15a-f7438f540df9"
"http://www.cdisc.org","Code_54","Start to Start","C201265","Code","2023-09-29","924573e6-4164-4aca-b0fc-1d9262d605ba"
"http://www.cdisc.org","Code_33","After","C201264","Code","2023-09-29","937ef470-f38f-4eae-b6ab-656f9ebca09e"
"http://www.cdisc.org","Code_34","Start to Start","C201265","Code","2023-09-29","db06f2d5-4448-46a9-afb7-470f6c6b491a"
"http://www.cdisc.org","Code_38","After","C201264","Code","2023-09-29","094614b2-cd16-4f55-92bb-8282665474da"
"http://www.cdisc.org","Code_39","Start to Start","C201265","Code","2023-09-29","8d17584b-4775-48a8-b1d4-22706ba465bd"
"http://www.cdisc.org","Code_43","After","C201264","Code","2023-09-29","1cc10a98-bb65-48a8-b75c-a06229204bf9"
"http://www.cdisc.org","Code_44","Start to Start","C201265","Code","2023-09-29","aaecab92-da83-44ef-94fb-043bc047d24f"
"http://www.cdisc.org","Code_48","After","C201264","Code","2023-09-29","45a39713-7dca-40d0-9907-26a5fd1087b3"
"http://www.cdisc.org","Code_49","Start to Start","C201265","Code","2023-09-29","2194eb96-acb5-4d2a-82c6-026c4b15bca2"
"http://www.cdisc.org","Code_56","Fixed Reference","C201264","Code","2023-09-29","81f7f56a-7a1c-4132-8d70-3722b68461da"
"http://www.cdisc.org","Code_57","Start to Start","C201265","Code","2023-09-29","a9e9052e-45af-4475-950c-5709a2ec61b2"
"http://www.cdisc.org","Code_58","Fixed Reference","C201264","Code","2023-09-29","c9bc9142-c44f-488a-b08f-4d7544af1d87"
"http://www.cdisc.org","Code_59","Start to Start","C201265","Code","2023-09-29","2cc4d064-c45a-456c-8098-36ab55efe42b"
"http://www.cdisc.org","Code_60","Fixed Reference","C201264","Code","2023-09-29","b2fd73a9-9432-436c-b74e-c05d5cbbbb58"
"http://www.cdisc.org","Code_61","Start to Start","C201265","Code","2023-09-29","45416cd5-ba1e-4b5b-8bba-0cd833b30f5d"
"http://www.cdisc.org","Code_62","After","C201264","Code","2023-09-29","61f60a95-db80-41f1-90ad-de4bfc0858d8"
"http://www.cdisc.org","Code_63","Start to Start","C201265","Code","2023-09-29","2610b9a8-51b4-4548-9254-22e3f0301b4a"
"http://www.cdisc.org","Code_64","After","C201264","Code","2023-09-29","7ef50d0b-de10-4b80-afd8-067f1528907f"
"http://www.cdisc.org","Code_65","End to Start","C201265","Code","2023-09-29","625b88ae-cbca-41a6-bf9a-542b99c90423"
"http://www.cdisc.org","Code_66","After","C201264","Code","2023-09-29","80eecc5f-6697-41eb-aa51-7042074ea445"
"http://www.cdisc.org","Code_67","Start to Start","C201265","Code","2023-09-29","cbdb9ed6-dd87-473f-8f3f-cc75a36989c7"
"http://www.cdisc.org","Code_68","After","C201264","Code","2023-09-29","1d7c9cb3-bbfb-45c7-8ad4-65df46224f31"
"http://www.cdisc.org","Code_69","End to Start","C201265","Code","2023-09-29","c5bc305d-9bb4-4b54-9476-8d636115f563"
"http://www.cdisc.org","Code_70","After","C201264","Code","2023-09-29","d855be94-064f-4072-a6b7-bd7e1e2159fc"
"http://www.cdisc.org","Code_71","Start to Start","C201265","Code","2023-09-29","70fa51af-0409-41e6-aa1a-f5a6a0e42b36"
"http://www.cdisc.org","Code_349","Clinical Study Sponsor","C70793","Code","2023-09-29","b4b993bc-e88f-4257-ba77-c136ef75a362"
"ISO 3166 1 alpha3","Code_350","United Kingdom of Great Britain and Northern Ireland","GBR","Code","2020-08","eb1aea09-3dfc-42c7-a65b-f5a95d81d865"
"http://www.cdisc.org","Code_3","Study Acronym","C94108","Code","2023-09-29","a8c36492-5f37-4c6f-baee-7ad9f8377de7"
"http://www.cdisc.org","Code_5","Brief Study Title","C99905x1","Code","2023-09-29","b7cc93eb-499b-48fe-aa9e-58fe1a047cf4"
"http://www.cdisc.org","Code_6","Official Study Title","C99905x2","Code","2023-09-29","ddf2a2eb-d661-4b1d-a34b-011a618f5835"
"http://www.cdisc.org","Code_7","Public Study Title","C99905x3","Code","2023-09-29","bef20f51-55e4-47c9-9f09-2be705548de5"
"http://www.cdisc.org","Code_8","Final","C25508","Code","2023-09-29","d398e82f-48c6-4c05-aaa7-cde081659518"
"http://www.cdisc.org","Code_11","Protocol Effective Date","C99903x1","Code","2023-09-29","9d12b6eb-a958-4836-adf6-1ffb47e9dfe7"
"http://www.cdisc.org","Code_13","Region","C41129","Code","2023-09-29","d3c8b1e4-018e-4cf8-bee6-358b9b9ae92e"
"ISO 3166 1 alpha3","Code_12","Europe","150","Code","2020-08","a0cc6171-8a9f-48bb-a2d4-331c4c4f986d"
